{
  "definition": "vorto.private.nebojsa959.airq:Controller:2.0.0",
  "attributes": {
    "modelDisplayName": "Controller"
  },
  "features": {
"state" : {
  "definition": [
    "vorto.private.nebojsa959:ControllerState:1.0.0"
  ],
  "properties": {
        "configuration": {
          "state" : "Green"
}
  }
},
"sensor" : {
  "definition": [
    "vorto.private.nebojsa959:AirQualitySensor:2.0.0"
  ],
  "properties": {
    "status": {
      "name" : "",
      "CO2SensorValue" : 0
    }
  }
}
  }
}
